RecipeItem/0/_ItemName,RecipeItem/1/_ItemName,RecipeItem/2/_ItemName,RecipeItem/3/_ItemName,RecipeItem/4/_ItemName,RecipeItem/5/_ItemName,RecipeItem/6/_ItemName,RecipeItem/7/_ItemName,_description,RecipeItem/8/_ItemName,RecipeItem/9/_ItemName,RecipeItem/10/_ItemName,RecipeItem/11/_ItemName,RecipeItem/12/_ItemName,RecipeItem/13/_ItemName,RecipeItem/14/_ItemName,RecipeItem/15/_ItemName,RecipeItem/16/_ItemName,RecipeItem/17/_ItemName,RecipeItem/18/_ItemName,RecipeItem/19/_ItemName,RecipeItem/20/_ItemName
Firm Tofu Prep w/Nigari&CalcSulf-1/4Blck,Canola Oil,Tamari Soy Sauce,Nutritional Yeast T6635  BRM,Fresh Green Onions Bulbs & Tops-Chpd,Mushroom Pieces Cooked w/Salt-Drnd,Fresh Garlic Cloves,Fresh Parsley-Chpd,"Tofu, scrambled",,,,,,,,,,,,,
Canola Oil,Soy Milk-w/Calcium Vitamins A & D,Honey,Ground Flaxseeds,Kretschmer Regular Wheat Germ PCO-QO,Fresh Apples Slices w/Peel,Whole Wheat Flour,Whole Groat Buckwheat Flour,"Pancakes, fruity whole grain",Double Acting SodAlumSulft Baking Powder,Ground Cinnamon,,,,,,,,,,,
Ground Flaxseeds,Municipal Tap Water,,,,,,,"Flax, egg replacer",,,,,,,,,,,,,
"Fresh Med Banana-7"" to 7 7/8"" Long","All Types Fresh Orange Medium-2 5/8""",Raisins No Seeds-Unpacked Cup,Fresh Strawberries Slices,,,,,"Sauce, fruit",,,,,,,,,,,,,
Millet-Ckd,Municipal Tap Water,Maple Syrup,Table Salt,Ground Cinnamon,Ground Cloves,Ground Nutmeg,Raisins No Seeds-Unpacked Cup,"Pudding, whole grain",Soy Milk-w/Calcium Vitamins A & D,,,,,,,,,,,,
Firm Tofu Prep w/Nigari&CalcSulf-1/4Blck,Tamari Soy Sauce,Dijon Mustard KFT-GP,Original Vegenaise Dressing FYH-VN,Nutritional Yeast T6635  BRM,Ripe Black Olives Large-Cnd,Fresh Green Onions Bulbs & Tops-Chpd,Fresh Carrots-Grated,"Spread, eggless egg salad",Fresh Celery-Diced,Fresh Parsley-Chpd,,,,,,,,,,,
"Fresh Carrots Large-7.25""-8.5"" Long",Tahini f/Unrstd Kernels,Original Vegenaise Dressing FYH-VN,Nutritional Yeast T6635  BRM,Fresh Green Onions Bulbs & Tops-Chpd,Fresh Celery-Diced,Fresh Lemon Juice,Fresh Japanese Kelp Seaweed,"Spread, sandwich, carrot/tahini",,,,,,,,,,,,,
Dried Hazelnuts-Chopped,Fresh White Onions Large-Whole,Fresh Brown Mushrooms-Slices,Fresh Garlic Cloves,Olive Salad/Cooking Oil,Ripe Black Olives-Cnd,Dried Parsley,Tamari Soy Sauce,"Pate, hazelnut",Nutritional Yeast T6635  BRM,,,,,,,,,,,,
Split Green Peas-Ckd,Municipal Tap Water,Dried Crumbled Bay Leaves,Table Salt,Fresh Garlic Cloves,Celery Stalk Cooked-Drnd,Whole Carrots Cooked-Drnd,Leeks Cooked-Drnd,"Soup, green sea",Dried Marjoram,Dried Basil Leaves,Cumin Seed,Wakame Seaweed-Dry EFI,,,,,,,,,
Broccoli Chopped Cooked-Drnd,Chopped Celery-Steamed,Carrot Slices Cooked-Drnd,"Peeled Potato Cooked-1.75"" to 2.5""",White Onions Chopped Cooked-Drnd,Organic Vegetable Broth HCG-IF,Light Yellow Miso Paste MOF,Dried Marjoram,"Soup, vegetable cream, non dairy",Dry Roasted Cashews-Unsalted,Fresh Parsley-Chpd,,,,,,,,,,,
Fresh Romaine Lettuce-Chpd,Fresh Kale Cabbage-Chopped,Fresh Mustard Greens-Chopped,Fresh Alfalfa Sprouts,Fresh Sliced Cucumber w/Peel,Dried Sliced Almonds,Fresh Green Onions Bulbs & Tops-Chpd,,"Salad, wild garden",,,,,,,,,,,,,
Flaxseed Oil,Fresh Lemon Juice,Municipal Tap Water,Fresh Garlic Cloves,Honey,Dijon Mustard KFT-GP,Mellow White Miso Paste-MOF,Tamari Soy Sauce,"Salad Dressing, vinegar & flax",Ground Cumin Seed AST,,,,,,,,,,,,
Fresh Kale Cabbage Cooked-Drnd,Olive Salad/Cooking Oil,Fresh Garlic Cloves,Fresh Lemon w/Peel-Seedless,Ground Cumin Seed AST,Paprika,Fresh Parsley-Chpd,,"Dish, Middle Eastern greens",,,,,,,,,,,,,
Fresh Kale Cabbage Cooked-Drnd,Olive Salad/Cooking Oil,Fresh Garlic Cloves,Fresh Lemon w/Peel-Seedless,Tamari Soy Sauce,Fresh Ginger Root,,,"Dish, Far Eastern greens",,,,,,,,,,,,,
Fresh Kale Cabbage Cooked-Drnd,Olive Salad/Cooking Oil,Fresh Garlic Cloves,Fresh Lemon w/Peel-Seedless,White Onion Cooked Drained Whole-Med,Cumin Seed,"Fresh Red Tomatoes YearRndAvg Med-2 3/5""",Creamy Peanut Butter,"Dish, African greens",Municipal Tap Water,,,,,,,,,,,,
Collard Greens-Ckd w/o Salt-Drnd-ChpdCup,Extra Virgin Olive Oil  NOI,Fresh Garlic Cloves-Each Measure,"Lemon-Raw, Medium      FDA",Fresh Basil-Chopped,Ground Oregano,Fresh Parsley-Chopped-Cup,,"Dish, Mediterranean greens",,,,,,,,,,,,,
Collard Greens-Ckd w/o Salt-Drnd-ChpdCup,Extra Virgin Olive Oil  NOI,Fresh Garlic Cloves-Each Measure,Lemon with Peel-No Seeds-Raw-Each,Curry Powder,,,,"Dish, East Indian greens",,,,,,,,,,,,,
Fresh Domestic Yam-Cubes,Organic Vegetable Broth HCG-IF,Curry Powder,Ground Cloves,Ground Cinnamon,Ground Cardamom,Dried Ground Cayenne Pepper,Fresh Kale Cabbage-Chopped,"Dish, yams w/kale",Fresh Lemon Juice,Hazelnut Oil,Dried Hazelnuts-Chopped,,,,,,,,,,
WhiteOnion Cooked Drained Whole-Lrg,Fresh Garlic Cloves,Whole Carrots Cooked-Drnd,"Broccoli Stalk Med 7.5""to8""Long Ckd-Drnd",White Mushrooms Sliced-Stir Fried,Sweet Green Bell Peppers Chpd Ckd-Drnd,Zucchini Squash Slices w/Skin Ckd-Drnd,Tomatoes Stewed f/Fresh,"Tomato sauce, chunky red lentil",Tomato Sauce-Cnd,Mature Lentil Beans-Ckd,Fresh Basil Leaves-Chopped,Dried Oregano Leaves,,,,,,,,,
Mature Kidney Beans All Types-Cnd,Municipal Tap Water,"Potatoes Cooked In Skin Peeled-2.5""",Carrots Ckd w/Salt-Drnd,White Onion Cooked Drained Whole-Med,Chopped Celery-Steamed,Okra Slices Cooked-Drnd,Tamari Soy Sauce,"Stew, two-bean w/dumplings",Ground Thyme,Dried Marjoram,Garlic Powder,Sweet Red Bell Pepper Chopped-Steamed,Enrich All Purpose Unbleachd White Flour,Municipal Tap Water,Fresh Parsley-Chpd,Whole Wheat Flour,Double Acting SodAlumSulft Baking Powder,Table Salt,Soy Milk-w/Calcium Vitamins A & D,Canola Oil,
Tamari Soy Sauce,Nutritional Yeast T6635  BRM,Garlic Powder,Firm Tofu Prep w/Nigari&CalcSulf-1/4Blck,,,,,"Tofu, red star fingers",,,,,,,,,,,,,
Firm Tofu Prep w/Nigari&CalcSulf-1/4Blck,Barbecue Sauce,,,,,,,"Tofu, crispy fingers",,,,,,,,,,,,,
Corn Starch,Municipal Tap Water,Mature Garbanzo Beans-Cnd,Canola Oil,"Fresh White Onions Medium Whole-2 1/2""",Fresh Carrots-Med,Fresh Broccoli,Hiziki Seaweed-Dry EFI,"Dish, veg stir fry w/seasoning-1",Tamari Soy Sauce,Fresh Ginger Root,Honey,,,,,,,,,,
Corn Starch,Municipal Tap Water,Mature Garbanzo Beans-Cnd,Canola Oil,Fresh White Onions Large-Whole,Fresh Carrots-Med,Fresh Broccoli,Hiziki Seaweed-Dry EFI,"Dish, veg stir fry w/seasoning-2",Fresh Cilantro-Leaves,Tamari Soy Sauce,White Rice Vinegar CBT,Ground Cumin Seed AST,Fresh Garlic Cloves,Fresh Ginger Root,Fresh Cilantro-Leaves,,,,,,
Millet-Ckd,Steamed Chopped Onions,Ground Oregano,Corn Salad/Cooking Oil,Soy Flour Defatted-Stirred,Whole Grain Yellow Cornmeal,Tamari Soy Sauce,Nutritional Yeast T6635  BRM,"Burger/patty, veg, millet",Garlic Powder,Fresh Parsley-Chpd,Dried Oregano Leaves,Toasted Sesame Seeds CBT,,,,,,,,,
White Onions Chopped Cooked-Drnd,Fresh Garlic Cloves,Canola Oil,TSP Textured Soy Protein BRM,Organic Vegetable Broth CAM-SW,Tamari Soy Sauce,Dry Bread Crumbs,Nutritional Yeast T6635  BRM,"Burger/patty, veg, vegan",Vital Wheat Gluten HCG-AM,Organic Tomato Sauce-Cnd GML-MG,Ground Thyme,Ground Rosemary Leaves AST,Ground Sage,Fresh Parsley-Chpd,,,,,,,
Enrich All Purpose Bleached White Flour,Municipal Tap Water,Tamari Soy Sauce,Miso,Red Vegetable Blend Seasoning-Pwd BJP,Ground Rosemary Leaves AST,Dried Crumbled Bay Leaves,Garlic Powder,"Gravy, simple brown",Nutritional Yeast T6635  BRM,,,,,,,,,,,,
Taco Shells GML-EP,Firm Tofu Prep w/Nigari&CalcSulf-1/4Blck,Fresh Garlic Cloves,White Onions Chopped Cooked-Drnd,Paprika,Dried Ground Cayenne Pepper,Cumin Seed,Table Salt,"Taco, w/tofu filling",Chili Pepper-pwd,Municipal Tap Water,Tomato Sauce-Cnd,Fresh Lemon Juice,Fresh Cilantro-Leaves,,,,,,,,
Taco Shells GML-EP,Firm Tofu Prep w/Nigari&CalcSulf-1/4Blck,Fresh Garlic Cloves,White Onions Chopped Cooked-Drnd,Paprika,Dried Ground Cayenne Pepper,Cumin Seed,Table Salt,"Taco, w/tofu filling/garnishes",Chili Pepper-pwd,Municipal Tap Water,Tomato Sauce-Cnd,Fresh Lemon Juice,Fresh Cilantro-Leaves,Fresh Iceberg Lettuce-Chopped,"Fresh Red Tomatoes YearRndAvg Med-2 3/5""",California Fresh Avocado,Salsa-rts,Cheddar Cheese-Shredded,,,
Almond Butter,Molasses,Honey,Powdered Skim Milk w/Add Vit A-Inst,Vanilla Extract,Dried Sulfured Apricot Halves,,,"Candy, almost instant",,,,,,,,,,,,,
Brown Sugar-Packed,Corn Salad/Cooking Oil,Ground Flaxseeds,Soy Milk,Vanilla Extract,"Fresh Carrots Large-7.25""-8.5"" Long","Fresh Apples w/Peel-Med 3""",Whole Wheat Flour-Bkd Value,"Cookie, apple & spice",Kretschmer Regular Wheat Germ PCO-QO,Double Acting SodAlumSulft Baking Powder,Ground Allspice,Ground Cinnamon,Ground Nutmeg,Seedless Raisins-Unpacked Cup,Dried English Walnuts-Chopped,,,,,,
Whole Wheat Flour,Kretschmer Regular Wheat Germ PCO-QO,Double Acting SodAlumSulft Baking Powder,Baking Soda,Ground Cinnamon,Ground Allspice,Ground Cloves,Fresh Mashed Banana,"Muffin, raisin & walnut",Canola Oil,Soy Milk-w/Calcium Vitamins A & D,"Flax, egg replacer",Molasses,Honey,Golden Seedless Raisins-Packed Cup,Dried English Walnuts-Chopped,,,,,,
Canola Oil,Soy Milk-w/Calcium Vitamins A & D,Ground Flaxseeds,Honey,Molasses,Ground Ginger,Ground Cinnamon,Ground Cloves,"Cake, gingerbread, low fat",Baking Soda,Municipal Tap Water,Organic Whole Wheat Pastry Flour BRM,Table Salt,Powdered Sugar-Unsifted,Fresh Lemon Peel,Fresh Lemon Juice,,,,,,
Whole Wheat Flour-Bkd Value,Rolled Oats-Bkd Value,Ground Cinnamon,Brown Sugar-Unpacked,Canola Oil,Table Salt,Ground Flaxseeds,Municipal Tap Water,"Cheesecake, berry uncheesecake",Millet-Ckd,Table Salt,Whl Salted Cashews PCO-FL,Fresh Lemon Juice,Honey,Fresh Lemon Peel,Vanilla Extract,Fresh Strawberries Slices,Jelly,Vanilla Extract,,,
Extra Firm Silken Tofu-Slc MNF-MN,Maple Syrup,Vanilla Extract,Semisweet Chocolate Baking Chips,Fresh Strawberries Slices,,,,"Pudding, chocolate soy",,,,,,,,,,,,,
Fresh Lemon Juice,Tahini,Dijon Mustard KFT-GP,Fresh Garlic Cloves,Tamari Soy Sauce,Black Pepper,Municipal Tap Water,,"Salad Dressing, sesame tahini",,,,,,,,,,,,,
Municipal Tap Water,Red Vegetable Blend Seasoning-Pwd BJP,White Onion Cooked Drained Whole-Med,Cumin Seed,Ground Sage,Ground Thyme,Garlic Powder,Celery Seed,"Burger/Patty, veg, American",Ground Turmeric,Vital Wheat Gluten HCG-AM,Soy Flour Defatted-Stirred,Nutritional Yeast Flakes NOW,Garlic Powder,Red Vegetable Blend Seasoning-Pwd BJP,Ground Thyme,Municipal Tap Water,Tamari Soy Sauce,Enrich All Purpose Unbleachd White Flour,Municipal Tap Water,,
Municipal Tap Water,Red Vegetable Blend Seasoning-Pwd BJP,White Onion Cooked Drained Whole-Med,Cumin Seed,Ground Sage,Ground Thyme,Garlic Powder,Celery Seed,"Burger/patty, veg, European",Ground Turmeric,Vital Wheat Gluten HCG-AM,Soy Flour Defatted-Stirred,Nutritional Yeast Flakes NOW,Garlic Powder,Red Vegetable Blend Seasoning-Pwd BJP,Ground Thyme,Municipal Tap Water,Tamari Soy Sauce,Enrich All Purpose Unbleachd White Flour,Enrich Yellow CornmealBkd Value,Ground Sage,
Municipal Tap Water,Red Vegetable Blend Seasoning-Pwd BJP,White Onion Cooked Drained Whole-Med,Cumin Seed,Ground Sage,Ground Thyme,Garlic Powder,Celery Seed,"Burger/patty, veg, Spanish",Ground Turmeric,Vital Wheat Gluten HCG-AM,Soy Flour Defatted-Stirred,Nutritional Yeast Flakes NOW,Garlic Powder,Red Vegetable Blend Seasoning-Pwd BJP,Ground Thyme,Municipal Tap Water,Tamari Soy Sauce,Tomato Sauce-Unsalted,Sweet Green Bell Peppers Chopped-Steamed,Fresh Cilantro-Leaves,Fresh Parsley-Chpd
Mature Black Beans-Ckd,Fresh Lemon Juice,Tamari Soy Sauce,Fresh Garlic Cloves,Cumin Seed,Fresh Parsley-Chpd,,,"Hummus, black bean",,,,,,,,,,,,,
"Soft Tofu w/CalcSulfate&Nigari-1"" Cubes",Original Vegenaise Dressing FYH-VN,Fresh Green Onions Bulbs & Tops-Chpd,Fresh Parsley-Chpd,Tamari Soy Sauce,Curry Powder,Eagle Chili Powder CON-GB,Nutritional Yeast T6635  BRM,"Spread, sandwich, curry",Garlic Powder,,,,,,,,,,,,
Mature Great Northern Beans-Ckd,Pimentos-Cnd,Nutritional Yeast T6635  BRM,Fresh Lemon Juice,Tahini f/Unrstd Kernels,Onion Powder,Yellow Mustard-Prep,Table Salt,"Spread, Gee Whiz",,,,,,,,,,,,,
Mature Garbanzo Beans-Ckd,Tahini,Fresh Lemon Juice,Municipal Tap Water,Fresh Garlic Cloves,Cumin Seed,Table Salt,Fresh Parsley-Chpd,Hummus,Olive Salad/Cooking Oil,,,,,,,,,,,,
Tahini f/Unrstd Kernels,Fresh Lemon Juice,Fresh Green Onions Bulbs & Tops-Chpd,Fresh Parsley-Chpd,Fresh Cilantro-Leaves,Fresh Garlic Cloves,Cumin Seed,Paprika,"Spread, Morrocc-un-butter",Tamari Soy Sauce,Eagle Chili Powder CON-GB,,,,,,,,,,,
Dried English Walnuts-Chopped,Fresh Basil-Leaves,Olive Salad/Cooking Oil,Fresh Lemon Juice,Tamari Soy Sauce,Fresh Garlic Cloves,Black Pepper,,Pesto,,,,,,,,,,,,,
Fresh Sweet Red Bell Peppers-Sml,Fresh Sweet Green Bell Pepper-Med,"Fresh Apples w/Peel-Sml 2 3/4""",Fresh Lemon Juice,Fresh Crisphead Lettuce-Med Leaf,Fresh Alfalfa Sprouts,"All Types Fresh Orange Large-3 1/16""",Dried English Walnuts-Chopped,"Salad, apple walnut",,,,,,,,,,,,,
Fresh Romaine Lettuce-Chpd,"Salad Dressing, caesar",Plain Croutons-Dry,Vegan Parmesan Cheese Substitute GNF-VN,,,,,"Salad, caesar",,,,,,,,,,,,,
Organic Silken Tofu VSY-NS,Fresh Garlic Cloves,Fresh Lemon Juice,Capers Canned-Drnd,Dijon Mustard KFT-GP,Table Salt,Black Pepper,Olive Salad/Cooking Oil,"Salad Dressing, caesar",,,,,,,,,,,,,
Fresh Kale Cabbage-Chopped,Fresh Savoy Cabbage-Shredded,Fresh Broccoli-Chopped,Fresh Sweet Red Bell Peppers-Chpd,,,,,"Salad, calcium-rich greens",,,,,,,,,,,,,
Dried Zante Currants,Municipal Tap Water,Couscous-Dry,Municipal Tap Water,Table Salt,Tahini f/Unrstd Kernels,Fresh Lemon Juice,Fresh Sweet Red Bell Peppers-Chpd,"Salad, couscous",Fresh Parsley-Chpd,Coriander Seed,Cumin Seed,Black Pepper-Dash,,,,,,,,,
Fresh Green Leaf Lettuce-Shredded,Fresh Kale Cabbage-Chopped,Fresh Carrots-Grated,Fresh Sweet Red Bell Peppers-Med,"Fresh Sweet Yellow Peppers Lrg-3.75""Long",Fresh Red Radish Slices,Fresh Alfalfa Sprouts,,"Salad, deep green leafy",,,,,,,,,,,,,
Medium Grain Brown Rice-Ckd,Thai Peanut Sauce Prep f/Recipe,Fresh Carrots-Grated,All Varieties Fresh Avocado,Fresh Green Onions Bulb & Tops-Lrg,Fresh Cilantro-Leaves,Fresh Ginger Root,"Rice Paper Wrapper-8"" QSC","Dish, vegetable salad roll",,,,,,,,,,,,,
"Potatoes Cooked In Skin Peeled-2.5""",Original Vegenaise Dressing FYH-VN,Fresh Celery-Diced,Fresh Green Onions Bulbs & Tops-Chpd,Dijon Mustard KFT-GP,Fresh Dill Weed Sprigs,Paprika,Table Salt,"Salad, potato dill",Black Pepper,,,,,,,,,,,,
Firm Silken Tofu-Slc MNF-MN,Fresh Lemon Juice,Honey,Natural Rice Vinegar NAK,Extra Virgin Olive Oil NOI,Yellow Mustard-Prep,Nutritional Yeast Flakes NOW,Table Salt,"Mayonnaise, tofu",Black Pepper-Dash,,,,,,,,,,,,
"Potatoes Ckd In Skin Peeled Unsalt-2.5""","Mayonnaise, tofu",Fresh Celery-Diced,Fresh Spring Onions Bulbs & Tops-Chpd,Grey Poupon Dijon Mustard KFT,Fresh Dill Weed Sprigs,Paprika,Table Salt,"Salad, potato w/tofu mayonnaise",Black Pepper-Dash,,,,,,,,,,,,
Sun Dried Tomatoes,Long Grain Brown Rice-Ckd,Tomato Sauce-Unsalted,Dry Sunflower Seeds-Kernels,Fresh Parsley-Chpd,Extra Virgin Olive Oil NOI,Fresh Lemon Juice,Fresh Basil Leaves-Chopped,"Salad, sun-dried tomato & rice",Garlic Powder,Table Salt,Black Pepper-Dash,,,,,,,,,,
Fresh Ginger Root,Fresh Garlic Cloves,Fresh Coriander Leaves,Creamy Peanut Butter,Tamari Soy Sauce,Brown Sugar-Packed,Natural Rice Vinegar NAK,Sesame Salad/Cooking Oil,"Sauce, spicy peanut",Fresh Hot Green Chili Peppers-Chpd,,,,,,,,,,,,
Enrich Spiral Pasta-Ckd,Fresh Carrot Strips/Slices,Fresh Cauliflower Florets,Fresh Sweet Red Bell Peppers-Chpd,Fresh Garden Pea Pods-Chpd,Fresh Chinese Waterchestnut Slices,Fresh Green Onions Bulbs & Tops-Chpd,"Sauce, spicy peanut","Salad, pasta, Thai w/peanut sce",,,,,,,,,,,,,
Soft Silken Tofu-Slc MNF-MN,Fresh Cucumber Peeled Pared-Chpd,Fresh Lemon Juice,Fresh Garlic Cloves,Dijon Mustard KFT-GP,Fresh Dill Weed Sprigs,Extra Virgin Olive Oil NOI,,"Salad Dressing, cucumber dill",,,,,,,,,,,,,
Sun Dried Tomatoes,Cider Vinegar,Fresh Garlic Cloves,Fresh Basil Leaves-Chopped,Dijon Mustard KFT-GP,Tamari Soy Sauce,Ground Oregano,Ground Tarragon,"Salad Dressing, flax & tomato",Maple Syrup,Tabasco Pepper Sauce-rts MCI,Flaxseed Oil,,,,,,,,,,
Soy Milk-w/Calcium Vitamins A & D,Fresh Lemon Juice,Tamari Soy Sauce,Fresh Garlic Cloves,Table Salt,Black Pepper-Dash,Tahini f/Unrstd Kernels,,"Salad Dressing, lemon tahini",,,,,,,,,,,,,
Orange Juice Unswtnd Fzn Conc-6 floz Can,Municipal Tap Water,Cider Vinegar,Honey,Dried Spearmint,Coriander Seed,Table Salt,Black Pepper,"Salad Dressing, orange mint",,,,,,,,,,,,,
Natural Rice Vinegar NAK,Honey,Municipal Tap Water,Canola Oil,Fresh Garlic Cloves,Fresh Ginger Root,Sesame Salad/Cooking Oil,Chinese Five Spice-Pwd INTL,"Salad Dressing, oriental",,,,,,,,,,,,,
Flaxseed Oil,Cider Vinegar,Fresh Lemon Juice,Tamari Soy Sauce,Nutritional Yeast T6635  BRM,Dijon Mustard KFT-GP,Fresh Garlic Cloves,,"Salad Dressing, vinaigrette",,,,,,,,,,,,,
Crushed Tomatoes-Cnd,Tamari Soy Sauce,Municipal Tap Water,Cider Vinegar,Sesame Salad/Cooking Oil,Garlic Powder,Fresh Ginger Root,Ground Turmeric,"Marinade, tofu",,,,,,,,,,,,,
Vegetable Broth-Cnd CAM-SW,Canola Oil,Carrot Slices Cooked-Drnd,Diced Celery Cooked-Drnd,White Onion Cooked Drained Whole-Med,Fresh Garlic Cloves,Mature Black Beans-Ckd,Tomato Paste Unsalted-6oz Can,"Soup, black bean",Ground Cumin Seed AST,Ground Oregano,Ground Thyme,Fresh Lime Juice,,,,,,,,,
Vegetable Broth-Cnd CAM-SW,Canola Oil,Carrot Slices Cooked-Drnd,Domestic Yam Pieces Canned-Vac Pack,White Onion Cooked Drained Whole-Med,Fresh Ginger Root,Apple Juice Unswtnd w/Vit C-Cnd/Btl,Orange Juice Unswtnd Fzn Conc-6 floz Can,"Soup, carrot & yam",Ground Coriander AST,Ground Allspice,Ground Nutmeg,Table Salt,Black Pepper-Dash,,,,,,,,
Vegetable Broth-Cnd CAM-SW,Canola Oil,White Onion Cooked Drained Whole-Med,Fresh Garlic Cloves,Red Tomatoes-Ckd f/Fresh,Mature Lentil Beans-Ckd,Ground Oregano,"Dried Basil, Ground","Soup, lentil",Carrot Slices Cooked-Drnd,Diced Celery Cooked-Drnd,Molasses,Cider Vinegar,Table Salt,Black Pepper,,,,,,,
Vegetable Broth-Cnd CAM-SW,Olive Salad/Cooking Oil,Carrot Slices Cooked-Drnd,Diced Celery Cooked-Drnd,White Onion Cooked Drained Whole-Med,Fresh Garlic Cloves,Peeled Potato Diced-Ckd,Red Tomatoes-Ckd f/Fresh,"Soup, Minestrone",Tomato Paste Unsalted-6oz Can,"Dried Basil, Ground",Ground Oregano,Celery Seed,Table Salt,Black Pepper-Dash,ZucchiniSquashSlc w/Skin Ckd w/Salt-Drnd,Green Snap Beans Ckd-Drained,Mature Garbanzo Beans-Ckd,Fresh Parsley-Chpd,,,
Seedless Raisins-Packed Cup,Municipal Tap Water,Enrich Long Grain White Rice-Ckd,Table Salt,Ground Turmeric,Curry Powder,Fresh Lemon Juice,Fresh Sweet Red Bell Peppers-Chpd,"Salad, basmati rice",Fresh Parsley-Chpd,Coriander Seed,,,,,,,,,,,
Municipal Tap Water,Long Grain Brown Rice-Ckd,Fresh Garlic Cloves,Fresh Ginger Root,Carrot Slices Cooked-Drnd,Zucchini Squash Slices w/Skin Ckd-Drnd,Broccoli Chopped Cooked-Drnd,Savoy Cabbage Shredded Cooked-Drnd,"Soup, creamy vegetable",Fresh Kale Cabbage Cooked-Drnd,Tahini f/Unrstd Kernels,Tamari Soy Sauce,Miso,Fresh Green Onions Bulbs & Tops-Chpd,,,,,,,,
Municipal Tap Water,Carrot Slices Cooked-Drnd,Savoy Cabbage Shredded Cooked-Drnd,Pea Pods Cooked-Drnd,Miso,Japanese Rice Wine,Firm Tofu Prep w/Nigari&CalcSulf-1/4Blck,Fresh Green Onions Bulbs & Tops-Chpd,"Soup, miso ginger",Fresh Ginger Root,Fresh Garlic Cloves,,,,,,,,,,,
Organic Vegetable Broth HCG-IF,Canola Oil,Chopped Celery-Steamed,Unsweetened Baked Apples SVY,White Onion Cooked Drained Whole-Med,Fresh Ginger Root,Fresh Garlic Cloves,Tomato Paste Unsalted-6oz Can,"Soup, Mulligatawny",Curry Powder,Celery Seed,Table Salt,Black Pepper,Enrich Long Grain White Rice-Ckd,,,,,,,,
Vegetable Broth-Cnd CAM-SW,Olive Salad/Cooking Oil,Whole Carrots Cooked-Drnd,"Potatoes Cooked In Skin Peeled-2.5""",WhiteOnion Cooked Drained Whole-Lrg,Eggplant Cubes Cooked-Drnd,Fresh Ginger Root,Fresh Garlic Cloves,"Soup, spicy eggplant",Red Tomatoes-Ckd f/Fresh,Fresh Coriander Leaves,Ground Cumin Seed AST,Black Pepper,,,,,,,,,
Vegetable Broth-Cnd CAM-SW,Canola Oil,Carrot Slices Cooked-Drnd,Diced Celery Cooked-Drnd,White Onion Cooked Drained Whole-Med,Fresh Garlic Cloves,Split Green Peas-Ckd,Table Salt,"Soup, split pea w/veggie bacon",Black Pepper,Vegetarian Bacon Strips,Fresh Parsley-Chpd,,,,,,,,,,
Enrich Macaroni Pasta-Ckd,Vegetable Broth-Cnd CAM-SW,Canola Oil,Carrot Slices Cooked-Drnd,Diced Celery Cooked-Drnd,Turnip Greens Cooked-Drnd,Domestic Yam Cubes-Bkd f/Fzn,White Onion Cooked Drained Whole-Med,"Soup, vegetable noodle",Fresh Garlic Cloves,Fresh Parsley-Chpd,Ground Coriander AST,Table Salt,Black Pepper-Dash,,,,,,,,
Vegetable Broth-Cnd CAM-SW,White Onion Cooked Drained Whole-Med,Fresh Garlic Cloves,Domestic Yam Cubes-Bkd f/Fzn,Mature Garbanzo Beans-Ckd,Medium Grain Brown Rice-Ckd,Table Salt,Creamy Peanut Butter,"Stew, African",Fresh Kale Cabbage Cooked-Drnd,Fresh Lemon Juice,,,,,,,,,,,
Whole Eggs Raw-Med,White Granulated Sugar,Active Dry Bakers Yeast-Pkg,Municipal Tap Water,Canola Oil,Skim Milk-Dry,Enrich All Purpose Bleached White Flour,Table Salt,"Rolls, Sunday dinner",,,,,,,,,,,,,
Municipal Tap Water,Dried Sliced Almonds,Maple Syrup,,,,,,"Milk, almond",,,,,,,,,,,,,
Municipal Tap Water,Brown Sugar-Packed,Fresh Ginger Root,Ground Cinnamon,Ground Nutmeg,Chilled Orange Juice,Apple Juice Unswtnd w/Vit C-Cnd/Btl,CranCocktail Juice Drink-Prep f/Fzn Conc,"Drink, punch, festive holiday","All Types Fresh Orange Medium-2 5/8""",,,,,,,,,,,,
Fresh Whole Strawberries,"Fresh Med Banana-7"" to 7 7/8"" Long",Soy Milk-w/Calcium Vitamins A & D,,,,,,"Shake, strawberry fruit",,,,,,,,,,,,,
Orange Juice Unswtnd Fzn Conc-6 floz Can,"Fresh Med Banana-7"" to 7 7/8"" Long",Soy Milk-w/Calcium Vitamins A & D,,,,,,"Shake, orange fruit",,,,,,,,,,,,,
Apple Juice Unswtnd w/Vit C-Cnd/Btl,Old Fashioned Rolled Oats-Dry PCO-QU,Seedless Raisins-Unpacked Cup,Ground Cinnamon,,,,,"Muesli, happy heart",,,,,,,,,,,,,
Ground Cinnamon,CranCocktail Juice Drink-Prep f/Fzn Conc,Apple Juice Unswtnd w/Vit C-Cnd/Btl,,,,,,"Drink, cran apple cider, hot",,,,,,,,,,,,,
Soy Milk-w/Calcium Vitamins A & D,Maple Syrup,Cereal Grain Coffee Substitute-Pwd,Vanilla Extract,,,,,"Cappuccino, soy milk",,,,,,,,,,,,,
"Fresh Med Banana-7"" to 7 7/8"" Long","Fresh Pink Grapefruit Medium-4""","Fresh Apples w/Peel-Med 3""",Fresh Pear-Med,Chilled Orange Juice,,,,"Salad, fruit, fresh",,,,,,,,,,,,,
Apple Juice Unswtnd Fzn Conc-6 fl oz Can,Almond Butter,Maple Syrup,Ground Cinnamon,Vanilla Extract,Rolled Oats-Bkd Value,Dry Sunflower Seeds-Kernels,Raisins No Seeds-Unpacked Cup,"Cereal, granola, good morning",,,,,,,,,,,,,
Municipal Tap Water,Organic Inst Rolled Oats NonGMO-Dry GMI,Seedless Raisins-Packed Cup,Ground Cinnamon,Soy Milk,Maple Syrup,Flaxseed Oil,,"Cereal, oatmeal, porridge",,,,,,,,,,,,,
Firm Tofu Prep w/Nigari&CalcSulf-1/4Blck,Mushroom Pieces Cooked-Drnd,Fresh Green Onions Bulbs & Tops-Chpd,Fresh Garlic Cloves,Vegetable Broth-Cnd CAM-SW,Fresh Coriander Leaves,Ground Cumin Seed AST,Table Salt,"Tofu, scrambled, w/salsa",Nutritional Yeast T6635  BRM,Salsa-rts,,,,,,,,,,,
All Varieties Fresh Avocado,Fresh Lime Juice,Tamari Soy Sauce,Nutritional Yeast T6635  BRM,Eagle Chili Powder CON-GB,Garlic Powder,Fresh Green Onions Bulbs & Tops-Chpd,Fresh Cilantro-Leaves,"Dip, avocado",,,,,,,,,,,,,
Mechanically Hulled Sesame Seeds HCG-AM,Table Salt,Organic Kelp Seaweed-Dry MCS,,,,,,Gomasio,,,,,,,,,,,,,
Municipal Tap Water,Carrot Slices Cooked-Drnd,Dried Agar Seaweed,Dry Roasted Cashews-Unsalted,Nutritional Yeast T6635  BRM,Tahini,Fresh Lemon Juice,Dijon Mustard KFT-GP,"Cheese, gooda",Onion Powder,Table Salt,Garlic Powder,Yellow Mustard Seed,Ground Turmeric,Paprika,Ground Cumin Seed AST,,,,,,
Fresh Garlic Cloves,Domestic Yam Cubes-Bkd f/Fzn,Fresh Lemon Juice,Nutritional Yeast T6635  BRM,Ground Oregano,Table Salt,Fresh Parsley-Chpd,,"Spread, rstd garlic & yam",,,,,,,,,,,,,
DryRoasted Sunflower Seed Kernels-Unsalt,Nutritional Yeast T6635  BRM,Tamari Soy Sauce,,,,,,"Seeds, sunflower, tstd",,,,,,,,,,,,,
"Beets Cooked w/Salt Drained-2""",Balsamic Vinegar-60 Grain NAK,Caraway Seeds,Table Salt,Fresh Kale Cabbage Cooked-Drnd,Fresh Parsley-Chpd,,,"Salad, beet kale",,,,,,,,,,,,,
Municipal Tap Water,Quinoa-Dry,Fresh Cucumber Peeled-Slc,Yellow Sweet Corn Cooked-Drnd,Fresh Sweet Red Bell Peppers-Chpd,Fresh Green Onions Bulbs & Tops-Chpd,Fresh Coriander Leaves,Fresh Lime Juice,"Salad, quinoa, w/lime dressing",Canola Oil,Sesame Salad/Cooking Oil,Table Salt,,,,,,,,,,
Fresh Watercress Greens-Sprig,All Varieties Fresh Avocado,"Fresh Red Grapefruit-3.75"" Each",Fresh Pink Grapefruit Juice,Mirin Wine INTL,Natural Rice Vinegar NAK,Tamari Soy Sauce,,"Salad, avocado grapefruit",,,,,,,,,,,,,
Tomato Juice Unsalted-Cnd,Fresh Lemon Juice,Orgnc Filtered AppleCider Vinegar SOP-ON,Flaxseed Oil,Fresh Basil Leaves-Chopped,Dijon Mustard KFT-GP,Dried Tarragon Leaves,,"Salad Dressing, tomato herb",,,,,,,,,,,,,
Vegetable Broth-Cnd CAM-SW,Canola Oil,Mushroom Pieces Cooked-Drnd,Fresh Green Onions Bulbs & Tops-Chpd,Dried Marjoram,Ground Thyme,Black Pepper,Dried Parsley,"Broth, mushroom",,,,,,,,,,,,,
Dry Roasted Cashews-Unsalted,Municipal Tap Water,Nutritional Yeast T6635  BRM,Fresh Lemon Juice,Tamari Soy Sauce,Onion Powder,Celery Seed,Garlic Powder,"Dish, lasagna, cheese cashew",Semolina LasagnaPasta XWide-Dry APC-GG,Extra Firm Silken Tofu-Slc MNF-MN,Vegetable Broth-Cnd CAM-SW,Mushroom Pieces Cooked-Drnd,Diced Celery Cooked-Drnd,White Onion Cooked Drained Whole-Med,"Dried Basil, Ground",Ground Oregano,Table Salt,Black Pepper,Tomato Sauce-Cnd,"Fresh Red Tomatoes YearRndAvg Med-2 3/5""",
Vegetable Broth-Cnd CAM-SW,Carrot Slices Cooked-Drnd,Diced Celery Cooked-Drnd,Sweet Green Bell Peppers Chpd Ckd-Drnd,WhiteOnion Cooked Drained Whole-Lrg,Fresh Garlic Cloves,Canola Oil,Mature Kidney Beans All Types-Cnd,"Chili, w/texture soy prot",Tomatoes Stewed f/Fresh,Tomato Paste Unsalted-6oz Can,TSP Textured Soy Protein BRM,Cumin Seed,"Dried Basil, Ground",Chili Pepper-pwd,Black Pepper,Dried Crumbled Bay Leaves,,,,,
Raisins No Seeds-Unpacked Cup,White Onion Cooked Drained Whole-Med,Fresh Garlic Cloves,Fresh Ginger Root,Canola Oil,Curry Powder,Cumin Seed,Ground Coriander AST,"Dish, vegetables w/tofu, curried",Ground Turmeric,Table Salt,Carrot Slices Cooked-Drnd,Sweet Red Bell Pepper Chopped-Steamed,Broccoli Chopped Cooked-Drnd,"Cauliflower 1"" Pieces Cooked-Drnd",Firm Tofu Prep w/Nigari&CalcSulf-1/4Blck,Coconut Milk-Canned,Fresh Lime Juice,Fresh Cilantro-Leaves,Dry Roasted Cashews-Unsalted,,
Vegetable Broth-Cnd CAM-SW,Red Tomatoes-Ckd f/Fresh,White Onion Cooked Drained Whole-Med,Fresh Garlic Cloves,Municipal Tap Water,Mature Lentil Beans-Ckd,Table Salt,,"Sauce, curry, in a hurry",,,,,,,,,,,,,
Dried Figs,White Onion Cooked Drained Whole-Med,Fresh Garlic Cloves,Olive Salad/Cooking Oil,Mature California Red Kidney Beans-Ckd,"Dried Basil, Ground",Ground Thyme,Fresh Parsley-Chpd,"Dish, figs beans",,,,,,,,,,,,,
"Flour Tortilla No Add Calcium rtb-10""",Medium Grain Brown Rice-Ckd,Domestic Yam Cubes-Bkd f/Fzn,Fresh Kale Cabbage Cooked-Drnd,Thai Peanut Sauce Prep f/Recipe,Fresh Alfalfa Sprouts,,,"Roll Up, African style",,,,,,,,,,,,,
"Flour Tortilla No Add Calcium rtb-10""",Medium Grain Brown Rice-Ckd,Tempeh-Ckd,Fresh Savoy Cabbage-Shredded,Fresh Chinese Waterchestnut Slices,Fresh Ginger Root,Plum Sauce-rts,,"Roll Up, Indonesian style",,,,,,,,,,,,,
"Flour Tortilla No Add Calcium rtb-10""",Medium Grain Brown Rice-Ckd,Steamed Spinach,Artichoke Hearts w/Water-Cnd CMF,Fresh Basil Leaves-Chopped,Fresh Iceberg Lettuce-Med Leaf,Tomato Sauce-Unsalted,,"Roll Up, Italian style",,,,,,,,,,,,,
"Flour Tortilla No Add Calcium rtb-10""",Medium Grain Brown Rice-Ckd,Fresh Carrots-Grated,Cheddar Cheese-Shredded,Fresh Cilantro-Leaves,Organic Vegenaise Dressing FYH-VN,Fresh Iceberg Lettuce-Med Leaf,Salsa-rts,"Roll Up, Mexican style",,,,,,,,,,,,,
"Flour Tortilla No Add Calcium rtb-10""",Hummus Spread-Prep f/Recipe,Fresh Red Tomatoes YearRoundAvg-Chpd/Slc,Fresh Carrots-Grated,Fresh Parsley-Chpd,Fresh Iceberg Lettuce-Med Leaf,"Salad Dressing, lemon tahini",,"Roll Up, Middle Eastern style",,,,,,,,,,,,,
"Flour Tortilla No Add Calcium rtb-10""",Medium Grain Brown Rice-Ckd,"Fresh Whole Daikon Radishes-7"" Long",Original Vegenaise Dressing FYH-VN,Fresh Ginger Root,Gomasio,Fresh Green Onions Bulbs & Tops-Chpd,Teriyaki Sauce-rts,"Roll Up, Japanese style",,,,,,,,,,,,,
Tomatoes Stewed f/Fresh,White Onion Cooked Drained Whole-Med,Fresh Garlic Cloves,Canola Oil,Mature Garbanzo Beans-Ckd,Fresh Lemon Juice,Tamari Soy Sauce,Table Salt,"Dish, chickpeas, East Indian",,,,,,,,,,,,,
Extra Firm Tofu Prep w/Nigari-1/5 Block,Spinach Cooked-Drnd,Vegan Parmesan Cheese Substitute GNF-VN,Onion Powder,Ground Oregano,"Dried Basil, Ground",Table Salt,Tomato Sauce-Unsalted,"Dish, lasagna, al forno",Semolina LasagnaPasta XWide-Dry APC-GG,Mozzarella Cheese Substitute-Shred,Fresh Parsley-Chpd,,,,,,,,,,
Fresh Lemon Juice,Tamari Soy Sauce,Fresh Ginger Root,Fresh Garlic Cloves,Onion Powder,Tempeh-Ckd,Canola Oil,,"Tempeh, lemon ginger",,,,,,,,,,,,,
Canola Oil,Yellow Mustard Seed,White Onion Cooked Drained Whole-Med,Fresh Garlic Cloves,Fresh Ginger Root,Tomato Paste Unsalted-6oz Can,Curry Powder,Ground Cumin Seed AST,"Dish, lentil, dahl-icious",Ground Coriander AST,Mature Lentil Beans-Ckd,Carrot Slices Cooked-Drnd,Diced Celery Cooked-Drnd,Table Salt,,,,,,,,
Medium Grain Brown Rice-Ckd,Mature Lentil Beans-Ckd,Organic Vegetable Broth HCG-IF,White Onion Cooked Drained Whole-Med,Mushrooms Cooked Drained-Whole,Dry Bread Crumbs,Fresh Parsley-Chpd,Nutritional Yeast T6635  BRM,"Burger/Patty, mushroom lentil",Table Salt,Ground Thyme,"Dried Basil, Ground",Paprika,Olive Salad/Cooking Oil,,,,,,,,
Medium Grain Brown Rice-Ckd,Mushroom Pieces Cooked-Drnd,Sweet Green Bell Peppers Chpd Ckd-Drnd,White Onion Cooked Drained Whole-Med,Fresh Garlic Cloves,Table Salt,Ground Thyme,Dried Rosemary,"Dish, rice, mushroom risotto",Black Pepper,Nutritional Yeast T6635  BRM,Fresh Parsley-Chpd,Tamari Soy Sauce,,,,,,,,,
Firm Silken Tofu-Slc MNF-MN,Tamari Soy Sauce,Original Vegenaise Dressing FYH-VN,Whole Wheat Bread-Slc,Fresh Cucumber Peeled-Slc,Fresh Red Tomatoes YrRndAvg-Sml/Thin Slc,Fresh Alfalfa Sprouts,,"Sandwich, tofu, open faced",,,,,,,,,,,,,
Vegetable Broth-Cnd CAM-SW,Canola Oil,Diced Celery Cooked-Drnd,Carrot Slices Cooked-Drnd,White Onion Cooked Drained Whole-Med,Fresh Garlic Cloves,Mature Black Beans-Ckd,Pasta Style Chunky Tomatoes-Cnd DLM,"Stew, black bean, savory",Tomato Paste Unsalted-6oz Can,"Dried Basil, Ground",Eagle Chili Powder CON-GB,Ground Cumin Seed AST,Ground Coriander AST,Table Salt,Black Pepper,Fresh Cilantro-Leaves,Fresh Lime Juice,,,,
All Types Winter Squash Cubes-Bkd,Medium Grain Brown Rice-Ckd,Millet-Ckd,Canola Oil,Celery Stalk Cooked-Drnd,White Onion Cooked Drained Whole-Med,Fresh Garlic Cloves,Yellow Sweet Corn Cooked-Drnd,"Squash, stuffed, winter",Sweet RedBellPepper Chpd Ckd w/Salt-Drnd,Dry Sunflower Seeds-Kernels,Fresh Parsley-Chpd,Ground Oregano,Ground Thyme,Ground Sage,Celery Seed,Tamari Soy Sauce,Table Salt,Black Pepper,,,
Table Salt,Enrich Long Grain White Rice-Ckd,Natural Rice Vinegar NAK,White Granulated Sugar,Fresh Nori Seaweed Sheets,Original Vegenaise Dressing FYH-VN,Fresh Carrots-Grated,Fresh California Avocado-1/5 of Med PMA,Sushi,"Fresh Cucumber Peeled Stick-4""Long",Fresh Iceberg Lettuce-Med Leaf,Pickled Ginger EFI,Organic Gomasio Seasoning EFI,Dried Wasabi Radishes,Pickled Ginger EFI,Tamari Soy Sauce,,,,,,
Vegetable Broth-Cnd CAM-SW,White Onions Chopped Cooked-Drnd,Carrot Slices Cooked-Drnd,Sweet Red Bell Pepper Chopped-Steamed,Sweet Green Bell Peppers Chopped-Steamed,Fresh Garlic Cloves,Fresh Ginger Root,Fresh Pineapple Chunks,"Tofu, sweet & sour",Pineapple Juice Unsweetened-Cnd,Brown Sugar-Unpacked,Natural Rice Vinegar NAK,Tamari Soy Sauce,Corn Starch,Firm Tofu Prep w/Nigari&CalcSulf-1/4Blck,Fresh Parsley-Chpd,,,,,,
Japanese Buckwheat Soba Pasta-Dry,Canola Oil,Mushroom Pieces Cooked-Drnd,White Onion Cooked Drained Whole-Med,Fresh Garlic Cloves,Fresh Ginger Root,Carrot Slices Cooked-Drnd,Broccoli Chopped Cooked-Drnd,"Dish, veg noodles, Szechuan",Municipal Tap Water,Black Bean Sauce SVY,Corn Starch,Hot Chili Sauce f/Mature Red Peppers,Tamari Soy Sauce,Fresh Mature Mung Bean Sprouts,Pea Pods Cooked-Drnd,Fresh Cilantro-Leaves,,,,,
Vegetable Broth-Cnd CAM-SW,Carrot Slices Cooked-Drnd,Daikon Radishes Slices Ckd w/Salt-Drnd,White Onion Cooked Drained Whole-Med,Fresh Garlic Cloves,Fresh Ginger Root,Sweet Green Bell Peppers Chpd Ckd-Drnd,Sweet Green Bell Peppers Chopped-Steamed,"Tofu, teriyaki",Firm Tofu Prep w/Nigari&CalcSulf-1/4Blck,Teriyaki Sauce-rts,Fresh Cilantro-Leaves,,,,,,,,,,
Extra Firm Silken Tofu-Slc MNF-MN,"Marinade, tofu",Sweet Red Bell Pepper Cooked w/Salt-Drnd,Fresh Zucchini Squash w/Skin-Med,Mushrooms Cooked w/Salt Drnd-Whole,Fresh Cherry Tomatoes-Year Round Avg,,,"Kabobs, vegetable",,,,,,,,,,,,,
"Enrich White Pita Bread-Lrg 6 1/2""",Tomato Sauce-Unsalted,Vegetarian Pizza Pepperoni Slices HCG-YV,"Fresh Red Tomatoes YrRndAvg Med Slc-1/4""",Fresh Red Onions Slices-Thin,Sweet Green Bell Peppers Chpd Ckd-Drnd,Mushrooms Cooked Drained-Whole,Ripe Black Olives Jumbo-Cnd,"Pizza, veggie pepperoni",Fresh Green Onions Bulbs & Tops-Chpd,Parmesan Cheese-Grated,Fresh Basil Leaves-Chopped,,,,,,,,,,
Fresh Zucchini Squash w/Skin-Med,Mature Lentil Beans-Ckd,White Onion Cooked Drained Whole-Med,Fresh Garlic Cloves,Bulgur Wheat-Dry,"Tomato Juice,w/Salt-Cnd",Fresh Parsley-Chpd,Fresh Lemon Juice,"Dish, zucchini, w/lentils bulgur",Dried Dill Weed,Table Salt,,,,,,,,,,,
Eggplant Cubes Cooked-Drnd,Tamari Soy Sauce,Nutritional Yeast T6635  BRM,Cumin Seed,Garlic Powder,Paprika,Canola Oil,,"Dish, eggplant, bkd",,,,,,,,,,,,,
Sesame Salad/Cooking Oil,Mushroom Pieces Cooked-Drnd,Fresh Garlic Cloves,Fresh Ginger Root,Bok Choy Cabbage Cooked-Drnd,Tamari Soy Sauce,,,"Dish, bok choy mushrooms ginger",,,,,,,,,,,,,
Hiziki Seaweed-Dry EFI,Organic Vegetable Broth HCG-IF,Red Onions Chopped Cooked-Drnd,Fresh Garlic Cloves,Fresh Ginger Root,Carrot Slices Cooked-Drnd,Steamed Broccoli,Sesame Salad/Cooking Oil,"Dish, carrots broccoli seaweed",Tamari Soy Sauce,Honey,,,,,,,,,,,
Canola Oil,Yellow Mustard Seed,White Onion Cooked Drained Whole-Med,Curry Powder,Coriander Seed,"Cauliflower 1"" Pieces Cooked-Drnd",Domestic Yam Cubes-Bkd f/Fzn,Municipal Tap Water,"Dish, cauliflower yams",Table Salt,,,,,,,,,,,,
Vegetable Broth-Cnd CAM-SW,Red Onion Cooked Drained Whole-Med,Fresh Garlic Cloves,Fresh Yellow Sweet Corn,Sweet Red Bell Pepper Chopped-Steamed,Table Salt,,,"Dish, corn, w/red peppers",,,,,,,,,,,,,
Long Grain Brown Rice-Ckd,Dried Zante Currants,Ground Cumin Seed AST,Table Salt,Ground Turmeric,Fresh Green Onions Bulbs & Tops-Chpd,,,"Dish, pilaf, currant cumin",,,,,,,,,,,,,
Miso,Dijon Mustard KFT-GP,Black Pepper,"Baked Potato w/Skin-2.25"" to 3.25""",Red Onions Chopped Cooked-Drnd,Enrich All Purpose Unbleachd White Flour,Canola Oil,Vegetable Broth-Cnd CAM-SW,"Potatoes, scalloped, dijon",Dry Bread Crumbs,,,,,,,,,,,,
Organic Vegetable Broth HCG-IF,WhiteOnion Cooked Drained Whole-Lrg,Fresh Garlic Cloves,Fresh Red Tomatoes YearRoundAvg-Chpd/Slc,Green Snap Beans Ckd-Drained,Black Bean Sauce SVY,Dried Almonds-Slivered,,"Dish, green beans, w/black beans",,,,,,,,,,,,,
Fresh Kale Cabbage Cooked-Drnd,Fresh Red Tomatoes YearRoundAvg-Chpd/Slc,Fresh Garlic Cloves,"Dried Basil, Ground",Ground Oregano,Table Salt,,,"Dish, greens tomatoes garlic",,,,,,,,,,,,,
Fresh Kale Cabbage Cooked-Drnd,Sweet Red Bell Pepper Chopped-Steamed,Flaxseed Oil,Balsamic Vinegar,Tamari Soy Sauce,,,,"Dish, kale red pepper holly ring",,,,,,,,,,,,,
"Baked Potato w/Skin-1.75"" to 2.5""",Fresh Lemon Juice,Extra Virgin Olive Oil NOI,Fresh Parsley-Chpd,"Dried Basil, Ground",Ground Oregano,Table Salt,Black Pepper,"Potatoes, lemon rstd",,,,,,,,,,,,,
"Baked Potato w/Skin-2.25"" to 3.25""",Soy Milk-w/Calcium Vitamins A & D,Fresh Parsley-Chpd,Olive Salad/Cooking Oil,Coriander Seed,Table Salt,Black Pepper-Dash,Fresh Green Onions Bulbs & Tops-Chpd,"Potatoes, mashed w/coriander",,,,,,,,,,,,,
White Onion Cooked Drained Whole-Med,Fresh Garlic Cloves,Fresh Red Tomatoes YearRoundAvg-Chpd/Slc,Long Grain Brown Rice-Ckd,Sweet Red Bell Pepper Chopped-Steamed,Sweet Green Bell Peppers Chopped-Steamed,Ground Oregano,Ground Cumin Seed AST,"Dish, rice, Mexican",Chili Pepper-pwd,Table Salt,,,,,,,,,,,
Canola Oil,Yellow Mustard Seed,White Onion Cooked Drained Whole-Med,Ground Turmeric,"Baked Potato w/Skin-2.25"" to 3.25""",Table Salt,Municipal Tap Water,,"Potatoes, subji",,,,,,,,,,,,,
Red Cabbage Shredded Cooked-Drnd,Municipal Tap Water,Dried English Walnuts-Chopped,Balsamic Vinegar,Olive Salad/Cooking Oil,Tamari Soy Sauce,,,"Dish, red cabbage w/walnuts",,,,,,,,,,,,,
Whole Carrots Cooked-Drnd,Domestic Yam Baked In Skin Peeled-Med,"Baked Potato w/Skin-1.75"" to 2.5""",White Onion Cooked Drained Whole-Med,Olive Salad/Cooking Oil,Fresh Basil Leaves-Chopped,Table Salt,Black Pepper-Dash,"Vegetables, rstd roots",,,,,,,,,,,,,
"Baked Potato w/Skin-2.25"" to 3.25""",Soy Milk,Table Salt,Nutritional Yeast T6635  BRM,Onion Powder,Eagle Chili Powder CON-GB,Garlic Powder,Black Pepper,"Potatoes, wedges, seasoned",,,,,,,,,,,,,
Steamed Spinach,Flaxseed Oil,Fresh Lemon Juice,Tamari Soy Sauce,Organic Gomasio Seasoning EFI,,,,"Spinach, w/gomasio",,,,,,,,,,,,,
Tamari Soy Sauce,Vegetable Broth-Cnd CAM-SW,Japanese Rice Wine,Brown Sugar-Unpacked,White Onion Cooked Drained Whole-Med,Fresh Ginger Root,Fresh Garlic Cloves,Corn Starch,"Sauce, teriyaki",Municipal Tap Water,,,,,,,,,,,,
Unsweetened Apple Juice-Cnd/Btl,Cranberry Cocktail Juice Drink-Btl,Ground Cinnamon,Ground Nutmeg,Dried Agar Seaweed,Fresh Blueberries,,,"Dessert, apple cranberry kanten",,,,,,,,,,,,,
"Fresh Apples w/Peel-Med 3""",Fresh Pear-Med,Fresh Lemon Juice,Maple Syrup,Seedless Raisins-Unpacked Cup,Rolled Oats-Bkd Value,Dried English Walnuts-Chopped,Orange Juice Unswtnd Fzn Conc-6 floz Can,"Dessert, apple pear crumble",Municipal Tap Water,Maple Syrup,Whole Wheat Flour,Ground Cinnamon,Ground Nutmeg,,,,,,,,
Organic Whole Wheat Pastry Flour BRM,Double Acting SodAlumSulft Baking Powder,Ground Cinnamon,Baking Soda,Ground Cloves,Ground Allspice,Ground Nutmeg,Ground Ginger,"Cake, apple spice",Table Salt,Maple Syrup,Soy Milk-w/Calcium Vitamins A & D,Canola Oil,Ground Flaxseeds,Fresh Peeled Apple Slices,Seedless Raisins-Unpacked Cup,Dried English Walnuts-Chopped,,,,,
Seedless Raisins-Unpacked Cup,Golden Seedless Raisins-Unpacked Cup,Dried Cranberries FSP,Brown Sugar-Unpacked,Apple Juice Unswtnd w/Vit C-Cnd/Btl,Fresh Lemon Juice,Fresh Lemon Peel,Ground Cinnamon,"Tart, blueberry mince",Ground Cloves,Ground Ginger,Ground Nutmeg,Fresh Blueberries,Municipal Tap Water,Organic Whole Wheat Pastry Flour BRM,Enrich All Purpose Unbleachd White Flour,Calumet Double Acting Baking Powder KFT,Table Salt,Safflower Salad/Cooking Oil >70% Oleic,,,
"Fresh Apples w/Peel-Med 3""",Tahini,Seedless Raisins-Unpacked Cup,Fresh Lemon Juice,Fresh Lemon Peel,Maple Syrup,Ground Cinnamon,Chilled California Orange Juice,"Apples, baked, stuffed",,,,,,,,,,,,,
Firm Silken Tofu-Slc MNF-MN,Maple Syrup,Fresh Lemon Juice,Vanilla Extract,,,,,"Topping, holiday pie",,,,,,,,,,,,,
Enrich All Purpose Unbleachd White Flour,Dried Whole Sesame Seeds,Kretschmer Regular Wheat Germ PCO-QO,Double Acting SodAlumSulft Baking Powder,Table Salt,Soft Tofu w/CalcSulfate&Nigari-1/4 Block,Maple Syrup,Canola Oil,"Cookie, lemon sesame",Brown Sugar-Unpacked,Vanilla Extract,Fresh Lemon Peel,,,,,,,,,,
Graham Cracker Crumbs,Quick Hot Oats Oatmeal-Dry PCO-QO,Ground Flaxseeds,Canola Oil,Municipal Tap Water,Vanilla Extract,Firm Silken Tofu-Slc MNF-MN,Maple Syrup,"Cheesecake, lem uncheesecake",Fresh Lemon Peel,Fresh Lemon Juice,Vanilla Extract,,,,,,,,,,
Spinach Cooked-Drnd,White Onion Cooked Drained Whole-Med,Canola Oil,Ground Coriander AST,Garlic Powder,Table Salt,Fresh Lemon Juice,Firm Tofu Prep w/Nigari&CalcSulf-1/4Blck,"Spinach, w/garam masala",,,,,,,,,,,,,
Dried Figs,Apple Juice Unswtnd w/Vit C-Cnd/Btl,Firm Silken Tofu-Slc MNF-MN,Fresh Lemon Juice,Brown Sugar-Unpacked,Ground Cinnamon,Vanilla Extract,Dried Almonds-Slivered,"Pudding, figgy",,,,,,,,,,,,,
Fresh Whole Cranberries,Maple Syrup,Fresh Grated Orange Peel,"Soft Tofu w/CalcSulfate&Nigari-1"" Cubes",Canola Oil,Brown Sugar-Packed,Soy Milk-w/Calcium Vitamins A & D,Vanilla Extract,"Muffin, cranberry pecan",Whole Wheat Flour,Calumet Double Acting Baking Powder KFT,Ground Cinnamon,Baking Soda,Ground Cardamom,Ground Allspice,Ground Cloves,Table Salt,Dried Pecans-Chopped,,,,
Dried Pecans-Halves,Municipal Tap Water,Organic Turbinado Sugar HCG-HF,Cocoa Powder Unsweetened-Dry,Couscous-Dry,Vanilla Extract,Semisweet Chocolate Baking Chips,Maple Syrup,"Cake, chocolate, cream couscous","Enrich Silken Firm Tofu-1"" Slc MNF-MN",,,,,,,,,,,,
Plain Cashew Butter-Unsalted,Dry Roasted Cashews-Unsalted,Dried Zante Currants,Original Soy Milk-Dry FLI-BM,Maple Syrup,Fresh Lemon Peel,Fresh Lemon Juice,Vanilla Extract,Cashew Balls,Ground Cinnamon,Ground Cardamom,Dried Coconut-Unsweetened,,,,,,,,,,
Soy Milk-w/Calcium Vitamins A & D,Long Grain Brown Rice-Ckd,Seedless Raisins-Packed Cup,Maple Syrup,Fresh Lemon Peel,Fresh Lemon Juice,Vanilla Extract,Ground Cinnamon,"Pudding, brown rice",Ground Cloves,Ground Nutmeg,,,,,,,,,,,
Organic WhlGrn SftWht PastryFlour HCG-AM,Enrich All Purpose Unbleachd White Flour,Calumet Double Acting Baking Powder KFT,Baking Soda,Table Salt,Enrich Cornmeal Degermed,Brown Sugar-Unpacked,Soy Milk-w/Calcium Vitamins A & D,"Muffin, blueberry corn",Canola Oil,Fresh Blueberries,,,,,,,,,,,
Municipal Tap Water,White Onion Cooked Drained Whole-Med,Carrot Slices Cooked-Drnd,Chopped Celery-Steamed,Sweet Red Bell Pepper Chopped-Steamed,Fresh Garlic Cloves,Red Tomatoes-Ckd f/Fresh,Tomato Paste Unsalted-6oz Can,"Sauce, tomato miso, w/aduki",Mature Aduki Beans Ckd,"Dried Basil, Ground",Black Pepper,Miso,Brown Sugar-Unpacked,Table Salt,,,,,,,
Municipal Tap Water,White Onion Cooked Drained Whole-Med,Carrot Slices Cooked-Drnd,Chopped Celery-Steamed,Sweet Red Bell Pepper Chopped-Steamed,Fresh Garlic Cloves,Red Tomatoes-Ckd f/Fresh,Tomato Paste Unsalted-6oz Can,"Sauce, tomato miso","Dried Basil, Ground",Ground Oregano,Black Pepper,Miso,Municipal Tap Water,Brown Sugar-Unpacked,Table Salt,,,,,,
Canola Oil,White Onions Chopped Cooked-Drnd,Carrot Slices Cooked-Drnd,Chopped Celery-Steamed,Fresh Garlic Cloves,Enrich All Purpose Unbleachd White Flour,Organic Vegetable Broth HCG-IF,Tamari Soy Sauce,"Gravy, rosemary",Fresh Parsley-Chpd,Dried Rosemary,Ground Thyme,Ground Sage,Black Pepper,,,,,,,,
Apple Jelly JMS,Red Onions Chopped Cooked-Drnd,Fresh Cranberries-Chpd,Orange Juice Unswtnd Fzn Conc-6 floz Can,Ground Ginger,Ground Cinnamon,Table Salt,Brown Sugar-Unpacked,"Relish, cranberry ginger",,,,,,,,,,,,,
Organic Vegetable Broth HCG-IF,Mushroom Pieces Cooked-Drnd,Steamed Chopped Onions,Carrot Slices Cooked-Drnd,Chopped Celery-Steamed,Fresh Garlic Cloves,Tamari Soy Sauce,Fresh Parsley-Chpd,"Gravy, mushroom, light",Nutritional Yeast T6635  BRM,Ground Thyme,Ground Sage,Organic EnrichUnbleach WhiteFlour HCG-AM,Municipal Tap Water,,,,,,,,
Fresh Red Tomatoes YearRoundAvg-Chpd/Slc,White Onion Cooked Drained Whole-Med,Fresh Garlic Cloves,Steamed Zucchini Squash Slices,Fresh Basil Leaves-Chopped,Table Salt,,,"Dish, zucchini onion tomato",,,,,,,,,,,,,
Creamy Peanut Butter,Maple Syrup,Semisweet Chocolate Baking Chips,Vanilla Extract,Rice Krispies Cereal KLC-RK,Dried English Walnuts-Chopped,Kretschmer Regular Wheat Germ PCO-QO,,"Cookie, chocolate chews, no bake",,,,,,,,,,,,,
Firm Silken Tofu-Slc MNF-MN,Solid Pack Pumpkin-Cnd NFC-LB,Maple Syrup,Vanilla Extract,Ground Cinnamon,Ground Ginger,Ground Nutmeg,Ground Cloves,"Pie, pumpkin","Crust, crumb",,,,,,,,,,,,
Graham Cracker Crumbs,Quick Hot Oats Oatmeal-Dry PCO-QO,Ground Flaxseeds,Canola Oil,Municipal Tap Water,Vanilla Extract,,,"Crust, crumb",,,,,,,,,,,,,
"Fresh Med Banana-7"" to 7 7/8"" Long",,,,,,,,"Ice Cream, Vegan Dass",,,,,,,,,,,,,
Spaghetti Squash Ckd/Bkd-Drnd,Red Tomatoes-Ckd f/Fresh,Olive Salad/Cooking Oil,Fresh Basil Leaves-Chopped,,,,,"Squash, spaghetti",,,,,,,,,,,,,
Fresh Blueberries,Apple Juice Unswtnd w/Vit C-Cnd/Btl,Maple Syrup,Ground Cinnamon,Orange Juice Unswtnd Fzn Conc-6 floz Can,Corn Starch,,,"Sauce, blueberry orange",,,,,,,,,,,,,